Degree,x,y,mean_x,mean_y
Applied Materials Science M.S.,1.1594631070072214,0.15888467865082845,0.7099673146183054,0.1717702491769515
Applied Materials Science M.S.,1.06078022660561,0.14931264953705892,0.7099673146183054,0.1717702491769515
Applied Materials Science M.S.,1.2422768467838328,0.2078899486551009,0.7099673146183054,0.1717702491769515
Applied Materials Science M.S.,1.1432272786075632,0.2033123119363509,0.7099673146183054,0.1717702491769515
Applied Materials Science M.S.,-3.074445546252056,-4.459511365126637,0.7099673146183054,0.1717702491769515
Applied Materials Science M.S.,-3.0072334414546926,-4.4260784046163835,0.7099673146183054,0.1717702491769515
Applied Materials Science M.S.,1.8817433709079783,1.454567466546031,0.7099673146183054,0.1717702491769515
Applied Materials Science M.S.,0.5672952526981394,0.2918520315179549,0.7099673146183054,0.1717702491769515
Applied Materials Science M.S.,0.5093938702518503,0.33835342960450276,0.7099673146183054,0.1717702491769515
Applied Materials Science M.S.,1.6617266529972117,-0.549417580794362,0.7099673146183054,0.1717702491769515
Applied Materials Science M.S.,-0.31212216673545434,0.8238853557595931,0.7099673146183054,0.1717702491769515
Applied Materials Science M.S.,-0.8654106265132864,0.11412659721467122,0.7099673146183054,0.1717702491769515
Applied Materials Science M.S.,0.4811541432315867,-0.04126771850493327,0.7099673146183054,0.1717702491769515
Applied Materials Science M.S.,0.10090702714271949,-0.024425830077198896,0.7099673146183054,0.1717702491769515
Applied Materials Science M.S.,-1.4690483218257864,-1.9599977390280046,0.7099673146183054,0.1717702491769515
Applied Materials Science M.S.,-0.9815810328548391,0.05601135330292806,0.7099673146183054,0.1717702491769515
Applied Materials Science M.S.,-1.0804832583492239,-1.0008364574423112,0.7099673146183054,0.1717702491769515
Applied Materials Science M.S.,-1.3080094462459524,-0.7119248764028825,0.7099673146183054,0.1717702491769515
Applied Materials Science M.S.,2.484018504040913,-1.2122369663229264,0.7099673146183054,0.1717702491769515
Applied Materials Science M.S.,1.7804717415744822,-1.104013528059987,0.7099673146183054,0.1717702491769515
Applied Materials Science M.S.,0.7798730725223582,0.13566175537201985,0.7099673146183054,0.1717702491769515
Applied Materials Science M.S.,1.0573436612064402,-0.03285821838286296,0.7099673146183054,0.1717702491769515
Applied Materials Science M.S.,1.9234654301578562,0.277012501526805,0.7099673146183054,0.1717702491769515
Applied Materials Science M.S.,1.089524924176411,0.2627075059900008,0.7099673146183054,0.1717702491769515
Applied Materials Science M.S.,1.649367987530903,0.23302737312409505,0.7099673146183054,0.1717702491769515
Applied Materials Science M.S.,-0.2304800158565481,-0.7860265628805436,0.7099673146183054,0.1717702491769515
Applied Materials Science M.S.,2.52800434769936,-1.242807711791066,0.7099673146183054,0.1717702491769515
Chemical Engineering M.S.Ch.E,-0.3227079516475637,0.8913036926278792,0.033275305646137454,0.16263404922577962
Chemical Engineering M.S.Ch.E,-0.0992711192195852,-0.10750445289519206,0.033275305646137454,0.16263404922577962
Chemical Engineering M.S.Ch.E,-1.8687346583431204,-3.9793110744467057,0.033275305646137454,0.16263404922577962
Chemical Engineering M.S.Ch.E,0.01815003098793433,0.07480422096345052,0.033275305646137454,0.16263404922577962
Chemical Engineering M.S.Ch.E,0.1477519864017527,2.0865218459257804,0.033275305646137454,0.16263404922577962
Chemical Engineering M.S.Ch.E,-0.8735540515010793,0.09911242561432942,0.033275305646137454,0.16263404922577962
Chemical Engineering M.S.Ch.E,-0.29906350432090356,0.10975423889252767,0.033275305646137454,0.16263404922577962
Chemical Engineering M.S.Ch.E,-0.410003007036968,-0.1401656524648942,0.033275305646137454,0.16263404922577962
Chemical Engineering M.S.Ch.E,-0.24314004240684106,0.14568654136750325,0.033275305646137454,0.16263404922577962
Chemical Engineering M.S.Ch.E,-1.6688612109249075,-0.003852929305104169,0.033275305646137454,0.16263404922577962
Chemical Engineering M.S.Ch.E,0.48012989701576636,-0.06377133293059245,0.033275305646137454,0.16263404922577962
Chemical Engineering M.S.Ch.E,-0.3483260279720266,-0.21818765563872233,0.033275305646137454,0.16263404922577962
Chemical Engineering M.S.Ch.E,-0.0028517848079641084,-0.035222615431813153,0.033275305646137454,0.16263404922577962
Chemical Engineering M.S.Ch.E,0.017523943799213626,-0.2879634754171647,0.033275305646137454,0.16263404922577962
Chemical Engineering M.S.Ch.E,-1.2398474818294485,0.4786218746194564,0.033275305646137454,0.16263404922577962
Chemistry M.S.,-1.7593949442928274,-3.7486282245626725,-1.3972099429195364,-1.2365735427847184
Chemistry M.S.,-1.9060371523921926,-3.99677666587737,-1.3972099429195364,-1.2365735427847184
Chemistry M.S.,-0.478606522661968,4.032827292252513,-1.3972099429195364,-1.2365735427847184
Chemistry M.S.,-0.4502394801204641,2.5689485414514266,-1.3972099429195364,-1.2365735427847184
Chemistry M.S.,-1.8938744669979055,-0.16391428871062175,-1.3972099429195364,-1.2365735427847184
Chemistry M.S.,-1.6049240237300832,-0.7687178508749284,-1.3972099429195364,-1.2365735427847184
Chemistry M.S.,-1.4886167651241262,-1.9141436473837175,-1.3972099429195364,-1.2365735427847184
Chemistry M.S.,-1.883468926531597,-0.4559133903494157,-1.3972099429195364,-1.2365735427847184
Chemistry M.S.,-0.9257538920467336,0.05640641288849935,-1.3972099429195364,-1.2365735427847184
Chemistry M.S.,-2.053691208941265,-0.545234288405446,-1.3972099429195364,-1.2365735427847184
Chemistry M.S.,-1.7786405688350637,-0.5958739177694596,-1.3972099429195364,-1.2365735427847184
Chemistry M.S.,-1.149382889849468,-0.9621323005667008,-1.3972099429195364,-1.2365735427847184
Chemistry M.S.,-1.590319455248638,-1.6356819526663102,-1.3972099429195364,-1.2365735427847184
Chemistry M.S.,-1.3330934649532278,-0.6938675300588883,-1.3972099429195364,-1.2365735427847184
Chemistry M.S.,-0.5374878054683645,-2.160487736891774,-1.3972099429195364,-1.2365735427847184
Chemistry M.S.,-1.3733056193416555,0.5113122804650985,-1.3972099429195364,-1.2365735427847184
Chemistry M.S.,-1.8088267451351125,-0.5914290801992692,-1.3972099429195364,-1.2365735427847184
Chemistry M.S.,-1.848599255663677,-0.5400124446859635,-1.3972099429195364,-1.2365735427847184
Chemistry M.S.,-2.018760502917095,-0.5734709159841813,-1.3972099429195364,-1.2365735427847184
Chemistry M.S.,-1.556299508196636,-1.0747631446829118,-1.3972099429195364,-1.2365735427847184
Chemistry M.S.,-1.572455227953716,-1.8660894290914811,-1.3972099429195364,-1.2365735427847184
Chemistry M.S.,-1.683651745898052,-1.8041983501425065,-1.3972099429195364,-1.2365735427847184
Chemistry M.S.,-1.7061622744625051,-1.49751171035674,-1.3972099429195364,-1.2365735427847184
Chemistry M.S.,-1.4312532549922903,-1.560882653426198,-1.3972099429195364,-1.2365735427847184
Chemistry M.S.,-0.767976582629009,4.231694851685496,-1.3972099429195364,-1.2365735427847184
Chemistry M.S.,-1.8485797053401907,-0.8852105991354264,-1.3972099429195364,-1.2365735427847184
Civil Engineering M.S.,-3.0183790331905325,-4.435869778822926,1.1826044911319773,0.9739146574029647
Civil Engineering M.S.,-3.06326180754356,-4.490999306868581,1.1826044911319773,0.9739146574029647
Civil Engineering M.S.,0.9495140904361765,0.6653809888848983,1.1826044911319773,0.9739146574029647
Civil Engineering M.S.,1.8724741333896677,1.427065287400218,1.1826044911319773,0.9739146574029647
Civil Engineering M.S.,1.6020285481388132,0.9032259328851424,1.1826044911319773,0.9739146574029647
Civil Engineering M.S.,1.820045649426655,1.0582527263650618,1.1826044911319773,0.9739146574029647
Civil Engineering M.S.,1.6740357273990671,1.1491597040185653,1.1826044911319773,0.9739146574029647
Civil Engineering M.S.,1.9365646237308543,1.1808597190866195,1.1826044911319773,0.9739146574029647
Civil Engineering M.S.,1.920838295834736,1.113051091004344,1.1826044911319773,0.9739146574029647
Civil Engineering M.S.,1.733904063122944,0.6242007358560286,1.1826044911319773,0.9739146574029647
Civil Engineering M.S.,1.8684517735416453,1.2930492504129134,1.1826044911319773,0.9739146574029647
Civil Engineering M.S.,1.6148902768070261,0.9297215087899886,1.1826044911319773,0.9739146574029647
Civil Engineering M.S.,1.6990210408145945,0.913768683243724,1.1826044911319773,0.9739146574029647
Civil Engineering M.S.,1.2524806851322214,0.8569194419870101,1.1826044911319773,0.9739146574029647
Civil Engineering M.S.,1.771914898770527,1.0110127075204574,1.1826044911319773,0.9739146574029647
Civil Engineering M.S.,0.11841601075478003,3.778091822434398,1.1826044911319773,0.9739146574029647
Civil Engineering M.S.,-0.6541455393856008,2.880493377018901,1.1826044911319773,0.9739146574029647
Civil Engineering M.S.,-0.33586627302817895,3.4767661436090194,1.1826044911319773,0.9739146574029647
Civil Engineering M.S.,0.48856323899574683,3.9843646629342757,1.1826044911319773,0.9739146574029647
Civil Engineering M.S.,0.48211163224525855,4.1225231035241805,1.1826044911319773,0.9739146574029647
Civil Engineering M.S.,-0.5501931315486868,3.9973752840051375,1.1826044911319773,0.9739146574029647
Civil Engineering M.S.,-1.9027617579524954,-0.04654559059050456,1.1826044911319773,0.9739146574029647
Civil Engineering M.S.,1.3653051251346628,1.5621428831109725,1.1826044911319773,0.9739146574029647
Civil Engineering M.S.,1.4366714352542918,1.4356273754129134,1.1826044911319773,0.9739146574029647
Civil Engineering M.S.,1.5000817173893015,1.5040121419915877,1.1826044911319773,0.9739146574029647
Civil Engineering M.S.,1.515576540845112,1.3865325196275435,1.1826044911319773,0.9739146574029647
Civil Engineering M.S.,1.2831165188724558,1.543236170578929,1.1826044911319773,0.9739146574029647
Civil Engineering M.S.,1.207787691968159,1.192150269318553,1.1826044911319773,0.9739146574029647
Civil Engineering M.S.,1.1199800366336863,1.2544818861970626,1.1826044911319773,0.9739146574029647
Civil Engineering M.S.,0.8438455456668894,1.6585534556398116,1.1826044911319773,0.9739146574029647
Civil Engineering M.S.,1.4686805600101511,0.8979535444268905,1.1826044911319773,0.9739146574029647
Civil Engineering M.S.,0.5870754116947214,-2.7946601764669694,1.1826044911319773,0.9739146574029647
Civil Engineering M.S.,1.7502557629520457,0.46932688789460286,1.1826044911319773,0.9739146574029647
Computer Science M.S.,-1.9385669833248098,-3.9411421672811784,0.736272513287739,-1.6150809185018815
Computer Science M.S.,0.8426973217899363,-1.9356547252645768,0.736272513287739,-1.6150809185018815
Computer Science M.S.,0.7248880261356394,-2.0857163326254167,0.736272513287739,-1.6150809185018815
Computer Science M.S.,0.7123286122257273,-0.6935504333486833,0.736272513287739,-1.6150809185018815
Computer Science M.S.,0.578794657605366,-1.6946464435568132,0.736272513287739,-1.6150809185018815
Computer Science M.S.,0.045664011853412845,-2.4916516201010026,0.736272513287739,-1.6150809185018815
Computer Science M.S.,-0.2739065295284231,-2.267651642989186,0.736272513287739,-1.6150809185018815
Computer Science M.S.,1.0728642338687937,-1.6312032596578874,0.736272513287739,-1.6150809185018815
Computer Science M.S.,0.6178738469059031,-1.7771488086691178,0.736272513287739,-1.6150809185018815
Computer Science M.S.,0.9386498326236765,-1.4403022186270036,0.736272513287739,-1.6150809185018815
Computer Science M.S.,1.198301493542866,-1.7240568058004655,0.736272513287739,-1.6150809185018815
Computer Science M.S.,1.2760965222293894,-1.6743217365255632,0.736272513287739,-1.6150809185018815
Computer Science M.S.,1.0519630307132761,-1.4308057682028092,0.736272513287739,-1.6150809185018815
Computer Science M.S.,1.2046343678409617,-0.9684742347708024,0.736272513287739,-1.6150809185018815
Computer Science M.S.,-0.29946118651084497,-2.251124467085866,0.736272513287739,-1.6150809185018815
Computer Science M.S.,0.8687970036441843,-1.4850698368063249,0.736272513287739,-1.6150809185018815
Computer Science M.S.,-1.400554001910015,0.5731422050485335,0.736272513287739,-1.6150809185018815
Earth and Environmental Sciences M.S.,-1.8810704356258352,-3.888158406447438,0.016094385998920657,2.5687305374631606
Earth and Environmental Sciences M.S.,-0.3598755007808645,2.315797236431571,0.016094385998920657,2.5687305374631606
Earth and Environmental Sciences M.S.,-1.9000523692195852,-3.9363342182150163,0.016094385998920657,2.5687305374631606
Earth and Environmental Sciences M.S.,-0.4505017405574758,2.530140821505519,0.016094385998920657,2.5687305374631606
Earth and Environmental Sciences M.S.,-0.19942265806846216,3.334362779427501,0.016094385998920657,2.5687305374631606
Earth and Environmental Sciences M.S.,0.42273968400307105,2.4860363646039687,0.016094385998920657,2.5687305374631606
Earth and Environmental Sciences M.S.,-0.07359343825034692,2.861789797116252,0.016094385998920657,2.5687305374631606
Earth and Environmental Sciences M.S.,0.7275406712467234,3.384208594132396,0.016094385998920657,2.5687305374631606
Earth and Environmental Sciences M.S.,0.36527556123085425,2.974174116421672,0.016094385998920657,2.5687305374631606
Earth and Environmental Sciences M.S.,-0.20300227461509301,3.0756518586168013,0.016094385998920657,2.5687305374631606
Earth and Environmental Sciences M.S.,0.13507097901649878,2.498244111109706,0.016094385998920657,2.5687305374631606
Earth and Environmental Sciences M.S.,0.23407953919716284,2.183334695790144,0.016094385998920657,2.5687305374631606
Earth and Environmental Sciences M.S.,0.7110854977542918,0.15264025764557942,0.016094385998920657,2.5687305374631606
Earth and Environmental Sciences M.S.,0.24824541749306128,2.3506557388791762,0.016094385998920657,2.5687305374631606
Earth and Environmental Sciences M.S.,0.5386263722354929,2.173567370195123,0.016094385998920657,2.5687305374631606
Earth and Environmental Sciences M.S.,0.42159241380043433,2.1796762595513783,0.016094385998920657,2.5687305374631606
Earth and Environmental Sciences M.S.,-0.07674485502891137,3.058045957852336,0.016094385998920657,2.5687305374631606
Earth and Environmental Sciences M.S.,0.19298952760048316,3.454537187386485,0.016094385998920657,2.5687305374631606
Earth and Environmental Sciences M.S.,0.6760370129520457,2.9630491478929244,0.016094385998920657,2.5687305374631606
Earth and Environmental Sciences M.S.,-8.981829708059053e-4,2.425709371138545,0.016094385998920657,2.5687305374631606
Earth and Environmental Sciences M.S.,0.18239849747963355,2.350561340023013,0.016094385998920657,2.5687305374631606
Earth and Environmental Sciences M.S.,-0.09243232069663598,2.37066396014783,0.016094385998920657,2.5687305374631606
Earth and Environmental Sciences M.S.,-0.36993867216758325,2.6065779967794143,0.016094385998920657,2.5687305374631606
Electrical Engineering M.S.E.E.,-2.0347178584163625,-3.794990624617604,1.216816126721577,-1.1257322685232438
Electrical Engineering M.S.E.E.,0.9425718182498972,-0.8333097354879655,1.216816126721577,-1.1257322685232438
Electrical Engineering M.S.E.E.,1.6818787449771921,-1.4749401466360368,1.216816126721577,-1.1257322685232438
Electrical Engineering M.S.E.E.,1.555718600171284,-1.6714332954397477,1.216816126721577,-1.1257322685232438
Electrical Engineering M.S.E.E.,1.3120395535404246,-1.6907053844442643,1.216816126721577,-1.1257322685232438
Electrical Engineering M.S.E.E.,1.4631044262821238,-1.5176151649465837,1.216816126721577,-1.1257322685232438
Electrical Engineering M.S.E.E.,1.0179783696109812,-1.5538111583700456,1.216816126721577,-1.1257322685232438
Electrical Engineering M.S.E.E.,1.5637699955875437,-1.3426993743887223,1.216816126721577,-1.1257322685232438
Electrical Engineering M.S.E.E.,1.5559498661930125,-1.3370438472738542,1.216816126721577,-1.1257322685232438
Electrical Engineering M.S.E.E.,0.5141875142032664,-1.0320175544729508,1.216816126721577,-1.1257322685232438
Electrical Engineering M.S.E.E.,0.5117775792057078,-0.9838715450277604,1.216816126721577,-1.1257322685232438
Electrical Engineering M.S.E.E.,1.6886946553165476,-0.8035062210073747,1.216816126721577,-1.1257322685232438
Electrical Engineering M.S.E.E.,1.7636215084964793,-0.8792889968862809,1.216816126721577,-1.1257322685232438
Electrical Engineering M.S.E.E.,1.4702498310977976,-0.8428500549307145,1.216816126721577,-1.1257322685232438
Electrical Engineering M.S.E.E.,1.7388021344120066,-0.7246352092733659,1.216816126721577,-1.1257322685232438
Electrical Engineering M.S.E.E.,2.4357699746067087,-1.1904729263296403,1.216816126721577,-1.1257322685232438
Electrical Engineering M.S.E.E.,1.7321733826572459,-0.9926856414785661,1.216816126721577,-1.1257322685232438
Electrical Engineering M.S.E.E.,0.42211216630287574,-0.3317654983511247,1.216816126721577,-1.1257322685232438
Electrical Engineering M.S.E.E.,1.3531672352726023,-1.2653022663107194,1.216816126721577,-1.1257322685232438
Electrical Engineering M.S.E.E.,0.9448444241458933,-1.189840878676442,1.216816126721577,-1.1257322685232438
Electrical Engineering M.S.E.E.,-1.3981302386348684,0.5541568143853866,1.216816126721577,-1.1257322685232438
Integrated Biosciences M.S.,-1.066722691637798,-2.2120915309896745,-0.9196899539058645,-1.9714742557516374
Integrated Biosciences M.S.,-1.0140064364498098,-2.208590592574147,-0.9196899539058645,-1.9714742557516374
Integrated Biosciences M.S.,-0.7593143588130911,-1.72582563323882,-0.9196899539058645,-1.9714742557516374
Integrated Biosciences M.S.,-1.0635865336482961,-1.9570451633444108,-0.9196899539058645,-1.9714742557516374
Integrated Biosciences M.S.,-1.4274137621944387,3.127224002648326,-0.9196899539058645,-1.9714742557516374
Integrated Biosciences M.S.,-0.610200703722759,-2.2209716693868913,-0.9196899539058645,-1.9714742557516374
Integrated Biosciences M.S.,-0.23982697783164575,-2.8220744983663835,-0.9196899539058645,-1.9714742557516374
Integrated Biosciences M.S.,-0.02918845472983911,-2.9641295330038346,-0.9196899539058645,-1.9714742557516374
Integrated Biosciences M.S.,-1.0979383593624075,-2.11107691688445,-0.9196899539058645,-1.9714742557516374
Integrated Biosciences M.S.,0.16300600709267066,-1.7762246982565202,-0.9196899539058645,-1.9714742557516374
Integrated Biosciences M.S.,-1.6139619952266653,-1.796879853438405,-0.9196899539058645,-1.9714742557516374
Integrated Biosciences M.S.,-1.673733533007427,-1.7217372314443864,-0.9196899539058645,-1.9714742557516374
Integrated Biosciences M.S.,-1.234944642168804,-2.1042066471090592,-0.9196899539058645,-1.9714742557516374
Integrated Biosciences M.S.,-1.3394616252010305,3.131283675003978,-0.9196899539058645,-1.9714742557516374
Integrated Biosciences M.S.,-1.6561148768489797,-1.5233009712209977,-0.9196899539058645,-1.9714742557516374
Integrated Biosciences M.S.,-1.4998782282894094,-1.611011590193776,-0.9196899539058645,-1.9714742557516374
Integrated Biosciences M.S.,-1.6335623866146047,-3.4536338703146257,-0.9196899539058645,-1.9714742557516374
Mathematical Sciences M.S.,0.4083268040592234,-2.380054558943776,0.1868941182071726,-2.1859146015157975
Mathematical Sciences M.S.,0.6032101506168406,-2.1302696125021257,0.1868941182071726,-2.1859146015157975
Mathematical Sciences M.S.,0.6069309109622996,-2.0883613483419694,0.1868941182071726,-2.1859146015157975
Mathematical Sciences M.S.,0.46653050126381324,-2.856201733778981,0.1868941182071726,-2.1859146015157975
Mathematical Sciences M.S.,-1.8540838366573293,-3.912530030440358,0.1868941182071726,-2.1859146015157975
Mathematical Sciences M.S.,-1.7699525958126028,-3.726450051497487,0.1868941182071726,-2.1859146015157975
Mathematical Sciences M.S.,0.76504105271645,-1.259289111327199,0.1868941182071726,-2.1859146015157975
Mathematical Sciences M.S.,-0.15553933439902856,-2.247338380049733,0.1868941182071726,-2.1859146015157975
Mathematical Sciences M.S.,1.201801478284077,-2.4565397159567155,0.1868941182071726,-2.1859146015157975
Mathematical Sciences M.S.,0.20555657090492652,-2.3259364025106706,0.1868941182071726,-2.1859146015157975
Mathematical Sciences M.S.,-0.3171847468440969,-2.811373318861989,0.1868941182071726,-2.1859146015157975
Mathematical Sciences M.S.,-0.0045269137447316865,-2.8883562938680925,0.1868941182071726,-2.1859146015157975
Mathematical Sciences M.S.,-0.09865504561118676,-2.774242963027028,0.1868941182071726,-2.1859146015157975
Mathematical Sciences M.S.,0.04914349259682105,-2.768993939589528,0.1868941182071726,-2.1859146015157975
Mathematical Sciences M.S.,0.19431132020302222,-1.847097958754567,0.1868941182071726,-2.1859146015157975
Mathematical Sciences M.S.,1.217023074048237,-2.398906792830495,0.1868941182071726,-2.1859146015157975
Mathematical Sciences M.S.,1.2616674298221628,-2.4073806659689225,0.1868941182071726,-2.1859146015157975
Mathematical Sciences M.S.,-0.04169684706382348,-0.9671336071005143,0.1868941182071726,-2.1859146015157975
Mathematical Sciences M.S.,0.413485705273823,-2.329141701888112,0.1868941182071726,-2.1859146015157975
Mathematical Sciences M.S.,0.4459573620731394,-2.1860314266195573,0.1868941182071726,-2.1859146015157975
Mathematical Sciences M.S.,0.49773806275673316,-2.2961316959371842,0.1868941182071726,-2.1859146015157975
Mathematical Sciences M.S.,0.5506336087162058,-2.161184872817067,0.1868941182071726,-2.1859146015157975
Mathematical Sciences M.S.,0.3822337979251902,-2.4232378856649675,0.1868941182071726,-2.1859146015157975
Mathematical Sciences M.S.,0.14459246339149878,-2.649844254683522,0.1868941182071726,-2.1859146015157975
Mathematical Sciences M.S.,0.45069521607704566,-2.855447854231862,0.1868941182071726,-2.1859146015157975
Mathematical Sciences M.S.,0.05692833604164527,-2.7755518810262956,0.1868941182071726,-2.1859146015157975
Mathematical Sciences M.S.,0.1367508763248484,-2.7656904117574967,0.1868941182071726,-2.1859146015157975
Mechanical Engineering M.S.M.E.,1.25816792191811,0.4686646802911483,0.802439391034321,-0.2936080352773942
Mechanical Engineering M.S.M.E.,1.4904710644657175,-1.3240378753652848,0.802439391034321,-0.2936080352773942
Mechanical Engineering M.S.M.E.,-0.14766579924277856,0.6038817508706771,0.802439391034321,-0.2936080352773942
Mechanical Engineering M.S.M.E.,1.8228511208469431,0.24833730297181233,0.802439391034321,-0.2936080352773942
Mechanical Engineering M.S.M.E.,-3.019878209215923,-4.435665215682057,0.802439391034321,-0.2936080352773942
Mechanical Engineering M.S.M.E.,-3.0664213305538137,-4.48333558006194,0.802439391034321,-0.2936080352773942
Mechanical Engineering M.S.M.E.,-0.0028288966243703584,0.4981986625680648,0.802439391034321,-0.2936080352773942
Mechanical Engineering M.S.M.E.,1.028069674390034,-0.36421474380400554,0.802439391034321,-0.2936080352773942
Mechanical Engineering M.S.M.E.,1.1049372548038523,-0.3585945026388444,0.802439391034321,-0.2936080352773942
Mechanical Engineering M.S.M.E.,0.34927099885292456,1.100057516861888,0.802439391034321,-0.2936080352773942
Mechanical Engineering M.S.M.E.,-1.4453266268794973,0.6020745380410872,0.802439391034321,-0.2936080352773942
Mechanical Engineering M.S.M.E.,1.39458149613686,0.12969890670868978,0.802439391034321,-0.2936080352773942
Mechanical Engineering M.S.M.E.,0.44913786591835425,-0.17183622283842936,0.802439391034321,-0.2936080352773942
Mechanical Engineering M.S.M.E.,-0.2993457919185598,0.8009368522653304,0.802439391034321,-0.2936080352773942
Mechanical Engineering M.S.M.E.,1.1999513501102488,0.2491538866052352,0.802439391034321,-0.2936080352773942
Mechanical Engineering M.S.M.E.,1.6582643383914988,-0.6166423217764176,0.802439391034321,-0.2936080352773942
Mechanical Engineering M.S.M.E.,1.33942431153603,0.5884311540612899,0.802439391034321,-0.2936080352773942
Mechanical Engineering M.S.M.E.,1.7352942818576853,0.31031802730652913,0.802439391034321,-0.2936080352773942
Mechanical Engineering M.S.M.E.,0.9905807370121043,-0.40582903785612956,0.802439391034321,-0.2936080352773942
Mechanical Engineering M.S.M.E.,0.33535402955360816,-0.07765063209441081,0.802439391034321,-0.2936080352773942
Mechanical Engineering M.S.M.E.,0.735014140027241,-0.1540809528341569,0.802439391034321,-0.2936080352773942
Mechanical Engineering M.S.M.E.,1.299415766614155,-1.1046391384115495,0.802439391034321,-0.2936080352773942
Mechanical Engineering M.S.M.E.,0.29574412049599097,-0.2831247703542985,0.802439391034321,-0.2936080352773942
Mechanical Engineering M.S.M.E.,0.7245637768680613,0.6311323984155379,0.802439391034321,-0.2936080352773942
Mechanical Engineering M.S.M.E.,0.7705995434696238,-0.28899392051604167,0.802439391034321,-0.2936080352773942
Physics M.S.,-1.9472358828609426,-3.818462456892995,-0.1939051753108938,-1.0875464336386003
Physics M.S.,1.8394588822299998,-0.14354952735808268,-0.1939051753108938,-1.0875464336386003
Physics M.S.,-0.30107432661704614,-1.2061084167471208,-0.1939051753108938,-1.0875464336386003
Physics M.S.,-0.3305180674617727,-1.4964512245168962,-0.1939051753108938,-1.0875464336386003
Physics M.S.,-0.6631038790767629,-1.0194955722799577,-0.1939051753108938,-1.0875464336386003
Physics M.S.,-0.43846494017295434,-1.6677585498800553,-0.1939051753108938,-1.0875464336386003
Physics M.S.,-1.02391797362022,-1.3502939598074235,-0.1939051753108938,-1.0875464336386003
Physics M.S.,-0.9424403315608938,4.087489877510997,-0.1939051753108938,-1.0875464336386003
Physics M.S.,-0.5668905383174856,-1.3724470989218034,-0.1939051753108938,-1.0875464336386003
Physics M.S.,-0.12522298155479028,-0.7431205169668473,-0.1939051753108938,-1.0875464336386003
Physics M.S.,-0.13608294783286645,-1.5421501056661882,-0.1939051753108938,-1.0875464336386003
Physics M.S.,-0.16756564436606958,-1.5086048500051774,-0.1939051753108938,-1.0875464336386003
Physics M.S.,2.5223612183506052,-1.2450381175985612,-0.1939051753108938,-1.0875464336386003
Physics M.S.,-0.1869319087093313,0.7186651571283065,-0.1939051753108938,-1.0875464336386003
Physics M.S.,-0.25887042341880395,-1.0736399547567643,-0.1939051753108938,-1.0875464336386003
Physics M.S.,-0.330377877337261,-0.9797774211874284,-0.1939051753108938,-1.0875464336386003
Physics M.S.,-0.24944096861533716,-1.0605064289083757,-0.1939051753108938,-1.0875464336386003
Physics M.S.,0.10406893433876441,-0.5369094268789567,-0.1939051753108938,-1.0875464336386003
Physics M.S.,-0.4072197085445364,-1.1475280181875505,-0.1939051753108938,-1.0875464336386003
Physics M.S.,-0.5872634059017141,-0.8901401416769303,-0.1939051753108938,-1.0875464336386003
Physics M.S.,-0.19976025877646997,2.7179672463426314,-0.1939051753108938,-1.0875464336386003
Water Resources Science M.S.,0.013785540478901126,3.7341364963540755,-0.5765927439754446,3.307493243981334
Water Resources Science M.S.,-0.3515737658565481,3.606049571801158,-0.5765927439754446,3.307493243981334
Water Resources Science M.S.,-0.16386729536704614,3.362523232270213,-0.5765927439754446,3.307493243981334
Water Resources Science M.S.,0.32572668732948706,3.76890674667451,-0.5765927439754446,3.307493243981334
Water Resources Science M.S.,-0.17647582350425317,3.432310138512584,-0.5765927439754446,3.307493243981334
Water Resources Science M.S.,-0.18106585798911645,2.9173634393701278,-0.5765927439754446,3.307493243981334
Water Resources Science M.S.,0.06003588380165503,3.833678041268321,-0.5765927439754446,3.307493243981334
Water Resources Science M.S.,-0.8999112254207571,4.156806622315379,-0.5765927439754446,3.307493243981334
Water Resources Science M.S.,-0.5165241366451223,4.001787577439281,-0.5765927439754446,3.307493243981334
Water Resources Science M.S.,-0.3728287821834524,2.636250440646144,-0.5765927439754446,3.307493243981334
Water Resources Science M.S.,-1.8727400904720266,-0.10241636199858561,-0.5765927439754446,3.307493243981334
Water Resources Science M.S.,-0.6512792712276418,-2.206496323775319,-0.5765927439754446,3.307493243981334
Water Resources Science M.S.,-0.8663676386898,4.148118410874339,-0.5765927439754446,3.307493243981334
Water Resources Science M.S.,-0.9429500704830129,3.4850337846765242,-0.5765927439754446,3.307493243981334
Water Resources Science M.S.,-0.680116475207134,-2.196888055037526,-0.5765927439754446,3.307493243981334
Water Resources Science M.S.,-1.2115357523982961,3.008572195340129,-0.5765927439754446,3.307493243981334
Water Resources Science M.S.,-1.0710199481075247,3.4124331815728866,-0.5765927439754446,3.307493243981334
Water Resources Science M.S.,-1.467310250384136,3.14805451469514,-0.5765927439754446,3.307493243981334
Water Resources Science M.S.,-1.1795042162960012,3.3142128332147323,-0.5765927439754446,3.307493243981334
Water Resources Science M.S.,-1.2814634448116262,3.3240895612725936,-0.5765927439754446,3.307493243981334
Water Resources Science M.S.,-1.338345349413677,3.177958284188243,-0.5765927439754446,3.307493243981334
Water Resources Science M.S.,0.6595122212345164,3.3975133045205794,-0.5765927439754446,3.307493243981334
Water Resources Science M.S.,0.7972843045169871,3.3755071504602157,-0.5765927439754446,3.307493243981334
Water Resources Science M.S.,0.5891649121219675,4.032608900834056,-0.5765927439754446,3.307493243981334
Water Resources Science M.S.,-0.6634586459224661,2.8961389406213485,-0.5765927439754446,3.307493243981334
Water Resources Science M.S.,-0.16876345930747583,3.4725376708993636,-0.5765927439754446,3.307493243981334
Water Resources Science M.S.,0.41758078278847144,3.89734331207368,-0.5765927439754446,3.307493243981334
Water Resources Science M.S.,0.4312154644901316,3.9999647481927596,-0.5765927439754446,3.307493243981334
Water Resources Science M.S.,-1.884955227953716,-0.03252729339506999,-0.5765927439754446,3.307493243981334
Water Resources Science M.S.,-1.5915129786556204,-0.720949973296193,-0.5765927439754446,3.307493243981334
Water Resources Science M.S.,-1.504116833788677,-0.9949785129537858,-0.5765927439754446,3.307493243981334
Water Resources Science M.S.,0.3402144307071726,2.3347019745597564,-0.5765927439754446,3.307493243981334
Water Resources Science M.S.,0.30982702912636206,3.011739943791362,-0.5765927439754446,3.307493243981334
Water Resources Science M.S.,-0.22908955870322778,3.194007609654399,-0.5765927439754446,3.307493243981334
Water Resources Science M.S.,0.2192398899967234,3.3569368465432845,-0.5765927439754446,3.307493243981334
Water Resources Science M.S.,0.6449910992557566,2.91482857303712,-0.5765927439754446,3.307493243981334
Water Resources Science M.S.,0.3248488301212351,3.3629827840814315,-0.5765927439754446,3.307493243981334
Water Resources Science M.S.,-0.6328671580379446,2.7605166180619918,-0.5765927439754446,3.307493243981334
Water Resources Science M.S.,-0.6959579592769582,3.6430685861596785,-0.5765927439754446,3.307493243981334
Water Resources Science M.S.,-0.6702373629634817,3.693311844635936,-0.5765927439754446,3.307493243981334
Water Resources Science M.S.,-0.6169522410457571,3.6838976486215316,-0.5765927439754446,3.307493243981334
Water Resources Science M.S.,0.14520853699989722,2.498651002217265,-0.5765927439754446,3.307493243981334
Water Resources Science M.S.,-0.7839615946834524,3.9473173959741317,-0.5765927439754446,3.307493243981334
Water Resources Science M.S.,-0.2650707369869192,0.7904045923242293,-0.5765927439754446,3.307493243981334
Water Resources Science M.S.,0.559601485150532,-0.5514174358358659,-0.5765927439754446,3.307493243981334
